date,unformattedDate,age,marketValue,marketValueUnformatted,marketValueCurrency,marketValueNumeral,clubID,clubName,clubShortName,clubImage,seasonID,Name
11.2022,2022-11-09,31,"2,50",2500000,€,Mio.,39,1.FSV Mainz 05,1.FSV Mainz 05,https://tmssl.akamaized.net/images/wappen/medium/39.png?lm=1564748880,22/23,Stefan Bell
06.2022,2022-06-09,30,"2,50",2500000,€,Mio.,39,1.FSV Mainz 05,1.FSV Mainz 05,https://tmssl.akamaized.net/images/wappen/medium/39.png?lm=1564748880,21/22,Stefan Bell
12.2021,2021-12-22,30,"2,50",2500000,€,Mio.,39,1.FSV Mainz 05,1.FSV Mainz 05,https://tmssl.akamaized.net/images/wappen/medium/39.png?lm=1564748880,21/22,Stefan Bell
06.2021,2021-06-09,29,"2,00",2000000,€,Mio.,39,1.FSV Mainz 05,1.FSV Mainz 05,https://tmssl.akamaized.net/images/wappen/medium/39.png?lm=1564748880,20/21,Stefan Bell
02.2021,2021-02-10,29,"1,40",1400000,€,Mio.,39,1.FSV Mainz 05,1.FSV Mainz 05,https://tmssl.akamaized.net/images/wappen/medium/39.png?lm=1564748880,20/21,Stefan Bell
04.2020,2020-04-08,28,"1,40",1400000,€,Mio.,39,1.FSV Mainz 05,1.FSV Mainz 05,https://tmssl.akamaized.net/images/wappen/medium/39.png?lm=1564748880,19/20,Stefan Bell
03.2020,2020-03-11,28,"1,80",1800000,€,Mio.,39,1.FSV Mainz 05,1.FSV Mainz 05,https://tmssl.akamaized.net/images/wappen/medium/39.png?lm=1564748880,19/20,Stefan Bell
12.2019,2019-12-17,28,"3,50",3500000,€,Mio.,39,1.FSV Mainz 05,1.FSV Mainz 05,https://tmssl.akamaized.net/images/wappen/medium/39.png?lm=1564748880,19/20,Stefan Bell
06.2019,2019-06-05,27,"3,50",3500000,€,Mio.,39,1.FSV Mainz 05,1.FSV Mainz 05,https://tmssl.akamaized.net/images/wappen/medium/39.png?lm=1564748880,18/19,Stefan Bell
12.2018,2018-12-18,27,"6,00",6000000,€,Mio.,39,1.FSV Mainz 05,1.FSV Mainz 05,https://tmssl.akamaized.net/images/wappen/medium/39.png?lm=1564748880,18/19,Stefan Bell
06.2018,2018-06-05,26,"6,00",6000000,€,Mio.,39,1.FSV Mainz 05,1.FSV Mainz 05,https://tmssl.akamaized.net/images/wappen/medium/39.png?lm=1564748880,17/18,Stefan Bell
12.2017,2017-12-28,26,"6,00",6000000,€,Mio.,39,1.FSV Mainz 05,1.FSV Mainz 05,https://tmssl.akamaized.net/images/wappen/medium/39.png?lm=1564748880,17/18,Stefan Bell
06.2017,2017-06-19,25,"6,00",6000000,€,Mio.,39,1.FSV Mainz 05,1.FSV Mainz 05,https://tmssl.akamaized.net/images/wappen/medium/39.png?lm=1564748880,16/17,Stefan Bell
02.2017,2017-02-07,25,"6,00",6000000,€,Mio.,39,1.FSV Mainz 05,1.FSV Mainz 05,https://tmssl.akamaized.net/images/wappen/medium/39.png?lm=1564748880,16/17,Stefan Bell
07.2016,2016-07-22,24,"6,00",6000000,€,Mio.,39,1.FSV Mainz 05,1.FSV Mainz 05,https://tmssl.akamaized.net/images/wappen/medium/39.png?lm=1564748880,16/17,Stefan Bell
02.2016,2016-02-15,24,"5,00",5000000,€,Mio.,39,1.FSV Mainz 05,1.FSV Mainz 05,https://tmssl.akamaized.net/images/wappen/medium/39.png?lm=1564748880,15/16,Stefan Bell
07.2015,2015-07-01,23,"4,00",4000000,€,Mio.,39,1.FSV Mainz 05,1.FSV Mainz 05,https://tmssl.akamaized.net/images/wappen/medium/39.png?lm=1564748880,15/16,Stefan Bell
02.2015,2015-02-04,23,"3,50",3500000,€,Mio.,39,1.FSV Mainz 05,1.FSV Mainz 05,https://tmssl.akamaized.net/images/wappen/medium/39.png?lm=1564748880,14/15,Stefan Bell
07.2014,2014-07-10,22,"3,50",3500000,€,Mio.,39,1.FSV Mainz 05,1.FSV Mainz 05,https://tmssl.akamaized.net/images/wappen/medium/39.png?lm=1564748880,14/15,Stefan Bell
02.2014,2014-02-12,22,"1,50",1500000,€,Mio.,39,1.FSV Mainz 05,1.FSV Mainz 05,https://tmssl.akamaized.net/images/wappen/medium/39.png?lm=1564748880,13/14,Stefan Bell
06.2013,2013-06-30,21,600,600000,€,Tsd.,39,1.FSV Mainz 05,1.FSV Mainz 05,https://tmssl.akamaized.net/images/wappen/medium/39.png?lm=1564748880,12/13,Stefan Bell
01.2013,2013-01-13,21,500,500000,€,Tsd.,39,1.FSV Mainz 05,1.FSV Mainz 05,https://tmssl.akamaized.net/images/wappen/medium/39.png?lm=1564748880,12/13,Stefan Bell
06.2012,2012-06-29,20,800,800000,€,Tsd.,39,1.FSV Mainz 05,1.FSV Mainz 05,https://tmssl.akamaized.net/images/wappen/medium/39.png?lm=1564748880,11/12,Stefan Bell
01.2012,2012-01-16,20,"1,00",1000000,€,Mio.,39,1.FSV Mainz 05,1.FSV Mainz 05,https://tmssl.akamaized.net/images/wappen/medium/39.png?lm=1564748880,11/12,Stefan Bell
10.2011,2011-10-18,20,"1,25",1250000,€,Mio.,24,Eintracht Frankfurt,E. Frankfurt,https://tmssl.akamaized.net/images/wappen/medium/24.png?lm=1403806187,11/12,Stefan Bell
06.2011,2011-06-04,19,"1,50",1500000,€,Mio.,72,TSV 1860 München,1860 München,https://tmssl.akamaized.net/images/wappen/medium/72.png?lm=1403081335,10/11,Stefan Bell
01.2011,2011-01-12,19,"1,50",1500000,€,Mio.,72,TSV 1860 München,1860 München,https://tmssl.akamaized.net/images/wappen/medium/72.png?lm=1403081335,10/11,Stefan Bell
08.2010,2010-08-28,19,"1,50",1500000,€,Mio.,72,TSV 1860 München,1860 München,https://tmssl.akamaized.net/images/wappen/medium/72.png?lm=1403081335,10/11,Stefan Bell
07.2010,2010-07-07,18,"1,00",1000000,€,Mio.,39,1.FSV Mainz 05,1.FSV Mainz 05,https://tmssl.akamaized.net/images/wappen/medium/39.png?lm=1564748880,10/11,Stefan Bell
07.2010,2010-07-04,18,150,150000,€,Tsd.,39,1.FSV Mainz 05,1.FSV Mainz 05,https://tmssl.akamaized.net/images/wappen/medium/39.png?lm=1564748880,10/11,Stefan Bell
