date,unformattedDate,age,marketValue,marketValueUnformatted,marketValueCurrency,marketValueNumeral,clubID,clubName,clubShortName,clubImage,seasonID,Name
11.2022,2022-11-11,32,"6,00",6000000,€,Mio.,610,Ajax Amsterdam,Ajax Amsterdam,https://tmssl.akamaized.net/images/wappen/medium/610.png?lm=1657054414,22/23,Daley Blind
09.2022,2022-09-14,32,"7,00",7000000,€,Mio.,610,Ajax Amsterdam,Ajax Amsterdam,https://tmssl.akamaized.net/images/wappen/medium/610.png?lm=1657054414,22/23,Daley Blind
06.2022,2022-06-08,32,"9,00",9000000,€,Mio.,610,Ajax Amsterdam,Ajax Amsterdam,https://tmssl.akamaized.net/images/wappen/medium/610.png?lm=1657054414,21/22,Daley Blind
03.2022,2022-03-17,32,"10,00",10000000,€,Mio.,610,Ajax Amsterdam,Ajax Amsterdam,https://tmssl.akamaized.net/images/wappen/medium/610.png?lm=1657054414,21/22,Daley Blind
01.2022,2022-01-05,31,"13,50",13500000,€,Mio.,610,Ajax Amsterdam,Ajax Amsterdam,https://tmssl.akamaized.net/images/wappen/medium/610.png?lm=1657054414,21/22,Daley Blind
10.2021,2021-10-04,31,"13,50",13500000,€,Mio.,610,Ajax Amsterdam,Ajax Amsterdam,https://tmssl.akamaized.net/images/wappen/medium/610.png?lm=1657054414,21/22,Daley Blind
05.2021,2021-05-27,31,"15,00",15000000,€,Mio.,610,Ajax Amsterdam,Ajax Amsterdam,https://tmssl.akamaized.net/images/wappen/medium/610.png?lm=1657054414,20/21,Daley Blind
01.2021,2021-01-06,30,"15,00",15000000,€,Mio.,610,Ajax Amsterdam,Ajax Amsterdam,https://tmssl.akamaized.net/images/wappen/medium/610.png?lm=1657054414,20/21,Daley Blind
10.2020,2020-10-14,30,"20,00",20000000,€,Mio.,610,Ajax Amsterdam,Ajax Amsterdam,https://tmssl.akamaized.net/images/wappen/medium/610.png?lm=1657054414,20/21,Daley Blind
04.2020,2020-04-08,30,"20,00",20000000,€,Mio.,610,Ajax Amsterdam,Ajax Amsterdam,https://tmssl.akamaized.net/images/wappen/medium/610.png?lm=1657054414,19/20,Daley Blind
12.2019,2019-12-18,29,"25,00",25000000,€,Mio.,610,Ajax Amsterdam,Ajax Amsterdam,https://tmssl.akamaized.net/images/wappen/medium/610.png?lm=1657054414,19/20,Daley Blind
06.2019,2019-06-12,29,"24,00",24000000,€,Mio.,610,Ajax Amsterdam,Ajax Amsterdam,https://tmssl.akamaized.net/images/wappen/medium/610.png?lm=1657054414,18/19,Daley Blind
12.2018,2018-12-28,28,"18,00",18000000,€,Mio.,610,Ajax Amsterdam,Ajax Amsterdam,https://tmssl.akamaized.net/images/wappen/medium/610.png?lm=1657054414,18/19,Daley Blind
05.2018,2018-05-28,28,"18,00",18000000,€,Mio.,985,Manchester United,Manchester Utd.,https://tmssl.akamaized.net/images/wappen/medium/985.png?lm=1457975903,17/18,Daley Blind
01.2018,2018-01-02,27,"20,00",20000000,€,Mio.,985,Manchester United,Manchester Utd.,https://tmssl.akamaized.net/images/wappen/medium/985.png?lm=1457975903,17/18,Daley Blind
06.2017,2017-06-28,27,"22,00",22000000,€,Mio.,985,Manchester United,Manchester Utd.,https://tmssl.akamaized.net/images/wappen/medium/985.png?lm=1457975903,16/17,Daley Blind
02.2017,2017-02-20,26,"22,00",22000000,€,Mio.,985,Manchester United,Manchester Utd.,https://tmssl.akamaized.net/images/wappen/medium/985.png?lm=1457975903,16/17,Daley Blind
08.2016,2016-08-01,26,"22,00",22000000,€,Mio.,985,Manchester United,Manchester Utd.,https://tmssl.akamaized.net/images/wappen/medium/985.png?lm=1457975903,16/17,Daley Blind
02.2016,2016-02-09,25,"19,00",19000000,€,Mio.,985,Manchester United,Manchester Utd.,https://tmssl.akamaized.net/images/wappen/medium/985.png?lm=1457975903,15/16,Daley Blind
07.2015,2015-07-01,25,"17,00",17000000,€,Mio.,985,Manchester United,Manchester Utd.,https://tmssl.akamaized.net/images/wappen/medium/985.png?lm=1457975903,15/16,Daley Blind
02.2015,2015-02-12,24,"15,00",15000000,€,Mio.,985,Manchester United,Manchester Utd.,https://tmssl.akamaized.net/images/wappen/medium/985.png?lm=1457975903,14/15,Daley Blind
10.2014,2014-10-05,24,"15,00",15000000,€,Mio.,985,Manchester United,Manchester Utd.,https://tmssl.akamaized.net/images/wappen/medium/985.png?lm=1457975903,14/15,Daley Blind
08.2014,2014-08-11,24,"12,00",12000000,€,Mio.,610,Ajax Amsterdam,Ajax Amsterdam,https://tmssl.akamaized.net/images/wappen/medium/610.png?lm=1657054414,14/15,Daley Blind
02.2014,2014-02-11,23,"6,00",6000000,€,Mio.,610,Ajax Amsterdam,Ajax Amsterdam,https://tmssl.akamaized.net/images/wappen/medium/610.png?lm=1657054414,13/14,Daley Blind
05.2013,2013-05-28,23,"4,50",4500000,€,Mio.,610,Ajax Amsterdam,Ajax Amsterdam,https://tmssl.akamaized.net/images/wappen/medium/610.png?lm=1657054414,12/13,Daley Blind
01.2013,2013-01-09,22,"2,00",2000000,€,Mio.,610,Ajax Amsterdam,Ajax Amsterdam,https://tmssl.akamaized.net/images/wappen/medium/610.png?lm=1657054414,12/13,Daley Blind
06.2012,2012-06-30,22,"1,25",1250000,€,Mio.,610,Ajax Amsterdam,Ajax Amsterdam,https://tmssl.akamaized.net/images/wappen/medium/610.png?lm=1657054414,11/12,Daley Blind
01.2012,2012-01-05,21,"1,00",1000000,€,Mio.,610,Ajax Amsterdam,Ajax Amsterdam,https://tmssl.akamaized.net/images/wappen/medium/610.png?lm=1657054414,11/12,Daley Blind
06.2011,2011-06-15,21,"1,25",1250000,€,Mio.,610,Ajax Amsterdam,Ajax Amsterdam,https://tmssl.akamaized.net/images/wappen/medium/610.png?lm=1657054414,10/11,Daley Blind
08.2010,2010-08-01,20,"1,00",1000000,€,Mio.,610,Ajax Amsterdam,Ajax Amsterdam,https://tmssl.akamaized.net/images/wappen/medium/610.png?lm=1657054414,10/11,Daley Blind
01.2009,2009-01-08,18,750,750000,€,Tsd.,610,Ajax Amsterdam,Ajax Amsterdam,https://tmssl.akamaized.net/images/wappen/medium/610.png?lm=1657054414,08/09,Daley Blind
12.2008,2008-12-08,18,100,100000,€,Tsd.,8817,Ajax Amsterdam II,Ajax II,https://tmssl.akamaized.net/images/wappen/medium/8817.png?lm=1657054414,08/09,Daley Blind
