date,unformattedDate,age,marketValue,marketValueUnformatted,marketValueCurrency,marketValueNumeral,clubID,clubName,clubShortName,clubImage,seasonID,Name
11.2022,2022-11-09,33,"6,50",6500000,€,Mio.,16,Borussia Dortmund,Bor. Dortmund,https://tmssl.akamaized.net/images/wappen/medium/16.png?lm=1396275280,22/23,Mats Hummels
06.2022,2022-06-09,33,"6,50",6500000,€,Mio.,16,Borussia Dortmund,Bor. Dortmund,https://tmssl.akamaized.net/images/wappen/medium/16.png?lm=1396275280,21/22,Mats Hummels
12.2021,2021-12-22,33,"9,00",9000000,€,Mio.,16,Borussia Dortmund,Bor. Dortmund,https://tmssl.akamaized.net/images/wappen/medium/16.png?lm=1396275280,21/22,Mats Hummels
06.2021,2021-06-01,32,"12,00",12000000,€,Mio.,16,Borussia Dortmund,Bor. Dortmund,https://tmssl.akamaized.net/images/wappen/medium/16.png?lm=1396275280,20/21,Mats Hummels
02.2021,2021-02-10,32,"15,00",15000000,€,Mio.,16,Borussia Dortmund,Bor. Dortmund,https://tmssl.akamaized.net/images/wappen/medium/16.png?lm=1396275280,20/21,Mats Hummels
09.2020,2020-09-16,31,"20,00",20000000,€,Mio.,16,Borussia Dortmund,Bor. Dortmund,https://tmssl.akamaized.net/images/wappen/medium/16.png?lm=1396275280,20/21,Mats Hummels
04.2020,2020-04-08,31,"24,00",24000000,€,Mio.,16,Borussia Dortmund,Bor. Dortmund,https://tmssl.akamaized.net/images/wappen/medium/16.png?lm=1396275280,19/20,Mats Hummels
12.2019,2019-12-17,31,"30,00",30000000,€,Mio.,16,Borussia Dortmund,Bor. Dortmund,https://tmssl.akamaized.net/images/wappen/medium/16.png?lm=1396275280,19/20,Mats Hummels
06.2019,2019-06-05,30,"35,00",35000000,€,Mio.,27,FC Bayern München,Bayern München,https://tmssl.akamaized.net/images/wappen/medium/27.png?lm=1498251238,18/19,Mats Hummels
12.2018,2018-12-18,30,"40,00",40000000,€,Mio.,27,FC Bayern München,Bayern München,https://tmssl.akamaized.net/images/wappen/medium/27.png?lm=1498251238,18/19,Mats Hummels
10.2018,2018-10-22,29,"55,00",55000000,€,Mio.,27,FC Bayern München,Bayern München,https://tmssl.akamaized.net/images/wappen/medium/27.png?lm=1498251238,18/19,Mats Hummels
06.2018,2018-06-05,29,"60,00",60000000,€,Mio.,27,FC Bayern München,Bayern München,https://tmssl.akamaized.net/images/wappen/medium/27.png?lm=1498251238,17/18,Mats Hummels
04.2018,2018-04-04,29,"60,00",60000000,€,Mio.,27,FC Bayern München,Bayern München,https://tmssl.akamaized.net/images/wappen/medium/27.png?lm=1498251238,17/18,Mats Hummels
12.2017,2017-12-28,29,"40,00",40000000,€,Mio.,27,FC Bayern München,Bayern München,https://tmssl.akamaized.net/images/wappen/medium/27.png?lm=1498251238,17/18,Mats Hummels
06.2017,2017-06-19,28,"40,00",40000000,€,Mio.,27,FC Bayern München,Bayern München,https://tmssl.akamaized.net/images/wappen/medium/27.png?lm=1498251238,16/17,Mats Hummels
02.2017,2017-02-07,28,"38,00",38000000,€,Mio.,27,FC Bayern München,Bayern München,https://tmssl.akamaized.net/images/wappen/medium/27.png?lm=1498251238,16/17,Mats Hummels
07.2016,2016-07-22,27,"38,00",38000000,€,Mio.,27,FC Bayern München,Bayern München,https://tmssl.akamaized.net/images/wappen/medium/27.png?lm=1498251238,16/17,Mats Hummels
06.2016,2016-06-01,27,"38,00",38000000,€,Mio.,16,Borussia Dortmund,Bor. Dortmund,https://tmssl.akamaized.net/images/wappen/medium/16.png?lm=1396275280,15/16,Mats Hummels
02.2016,2016-02-15,27,"32,00",32000000,€,Mio.,16,Borussia Dortmund,Bor. Dortmund,https://tmssl.akamaized.net/images/wappen/medium/16.png?lm=1396275280,15/16,Mats Hummels
07.2015,2015-07-01,26,"35,00",35000000,€,Mio.,16,Borussia Dortmund,Bor. Dortmund,https://tmssl.akamaized.net/images/wappen/medium/16.png?lm=1396275280,15/16,Mats Hummels
02.2015,2015-02-04,26,"35,00",35000000,€,Mio.,16,Borussia Dortmund,Bor. Dortmund,https://tmssl.akamaized.net/images/wappen/medium/16.png?lm=1396275280,14/15,Mats Hummels
07.2014,2014-07-10,25,"35,00",35000000,€,Mio.,16,Borussia Dortmund,Bor. Dortmund,https://tmssl.akamaized.net/images/wappen/medium/16.png?lm=1396275280,14/15,Mats Hummels
06.2013,2013-06-30,24,"26,00",26000000,€,Mio.,16,Borussia Dortmund,Bor. Dortmund,https://tmssl.akamaized.net/images/wappen/medium/16.png?lm=1396275280,12/13,Mats Hummels
01.2013,2013-01-13,24,"24,00",24000000,€,Mio.,16,Borussia Dortmund,Bor. Dortmund,https://tmssl.akamaized.net/images/wappen/medium/16.png?lm=1396275280,12/13,Mats Hummels
06.2012,2012-06-29,23,"24,00",24000000,€,Mio.,16,Borussia Dortmund,Bor. Dortmund,https://tmssl.akamaized.net/images/wappen/medium/16.png?lm=1396275280,11/12,Mats Hummels
01.2012,2012-01-23,23,"20,00",20000000,€,Mio.,16,Borussia Dortmund,Bor. Dortmund,https://tmssl.akamaized.net/images/wappen/medium/16.png?lm=1396275280,11/12,Mats Hummels
06.2011,2011-06-29,22,"18,00",18000000,€,Mio.,16,Borussia Dortmund,Bor. Dortmund,https://tmssl.akamaized.net/images/wappen/medium/16.png?lm=1396275280,10/11,Mats Hummels
03.2011,2011-03-01,22,"15,00",15000000,€,Mio.,16,Borussia Dortmund,Bor. Dortmund,https://tmssl.akamaized.net/images/wappen/medium/16.png?lm=1396275280,10/11,Mats Hummels
01.2011,2011-01-12,22,"13,00",13000000,€,Mio.,16,Borussia Dortmund,Bor. Dortmund,https://tmssl.akamaized.net/images/wappen/medium/16.png?lm=1396275280,10/11,Mats Hummels
05.2010,2010-05-08,21,"10,00",10000000,€,Mio.,16,Borussia Dortmund,Bor. Dortmund,https://tmssl.akamaized.net/images/wappen/medium/16.png?lm=1396275280,09/10,Mats Hummels
01.2010,2010-01-17,21,"8,00",8000000,€,Mio.,16,Borussia Dortmund,Bor. Dortmund,https://tmssl.akamaized.net/images/wappen/medium/16.png?lm=1396275280,09/10,Mats Hummels
11.2009,2009-11-18,20,"5,50",5500000,€,Mio.,16,Borussia Dortmund,Bor. Dortmund,https://tmssl.akamaized.net/images/wappen/medium/16.png?lm=1396275280,09/10,Mats Hummels
07.2009,2009-07-10,20,"4,50",4500000,€,Mio.,16,Borussia Dortmund,Bor. Dortmund,https://tmssl.akamaized.net/images/wappen/medium/16.png?lm=1396275280,09/10,Mats Hummels
01.2009,2009-01-21,20,"4,00",4000000,€,Mio.,16,Borussia Dortmund,Bor. Dortmund,https://tmssl.akamaized.net/images/wappen/medium/16.png?lm=1396275280,08/09,Mats Hummels
08.2008,2008-08-31,19,"2,50",2500000,€,Mio.,16,Borussia Dortmund,Bor. Dortmund,https://tmssl.akamaized.net/images/wappen/medium/16.png?lm=1396275280,08/09,Mats Hummels
06.2008,2008-06-04,19,"1,00",1000000,€,Mio.,16,Borussia Dortmund,Bor. Dortmund,https://tmssl.akamaized.net/images/wappen/medium/16.png?lm=1396275280,07/08,Mats Hummels
03.2008,2008-03-05,19,600,600000,€,Tsd.,16,Borussia Dortmund,Bor. Dortmund,https://tmssl.akamaized.net/images/wappen/medium/16.png?lm=1396275280,07/08,Mats Hummels
01.2007,2007-01-15,18,250,250000,€,Tsd.,27,FC Bayern München,Bayern München,https://tmssl.akamaized.net/images/wappen/medium/27.png?lm=1498251238,06/07,Mats Hummels
10.2006,2006-10-01,17,150,150000,€,Tsd.,28,FC Bayern München II,B. München II,https://tmssl.akamaized.net/images/wappen/medium/28.png?lm=1498251238,06/07,Mats Hummels
05.2006,2006-05-27,17,50,50000,€,Tsd.,1462,FC Bayern München U19,B. München U19,https://tmssl.akamaized.net/images/wappen/medium/1462.png?lm=1498251238,05/06,Mats Hummels
