date,unformattedDate,age,marketValue,marketValueUnformatted,marketValueCurrency,marketValueNumeral,clubID,clubName,clubShortName,clubImage,seasonID,Name
11.2022,2022-11-09,19,"6,50",6500000,€,Mio.,18,Borussia Mönchengladbach,Bor. M'gladbach,https://tmssl.akamaized.net/images/wappen/medium/18.png?lm=1656585796,22/23,Luca Netz
06.2022,2022-06-09,19,"6,50",6500000,€,Mio.,18,Borussia Mönchengladbach,Bor. M'gladbach,https://tmssl.akamaized.net/images/wappen/medium/18.png?lm=1656585796,21/22,Luca Netz
12.2021,2021-12-22,18,"5,00",5000000,€,Mio.,18,Borussia Mönchengladbach,Bor. M'gladbach,https://tmssl.akamaized.net/images/wappen/medium/18.png?lm=1656585796,21/22,Luca Netz
06.2021,2021-06-09,18,"5,00",5000000,€,Mio.,44,Hertha BSC,Hertha BSC,https://tmssl.akamaized.net/images/wappen/medium/44.png?lm=1656580875,20/21,Luca Netz
02.2021,2021-02-10,17,"3,50",3500000,€,Mio.,44,Hertha BSC,Hertha BSC,https://tmssl.akamaized.net/images/wappen/medium/44.png?lm=1656580875,20/21,Luca Netz
11.2020,2020-11-26,17,"1,00",1000000,€,Mio.,44,Hertha BSC,Hertha BSC,https://tmssl.akamaized.net/images/wappen/medium/44.png?lm=1656580875,20/21,Luca Netz
