date,unformattedDate,age,marketValue,marketValueUnformatted,marketValueCurrency,marketValueNumeral,clubID,clubName,clubShortName,clubImage,seasonID,Name
10.2022,2022-10-07,31,"2,00",2000000,€,Mio.,515,Vereinslos,Vereinslos,https://tmssl.akamaized.net/images/wappen/medium/515.png?lm=1456997255,22/23,Timothée Kolodziejczak
05.2022,2022-05-30,30,"2,50",2500000,€,Mio.,618,AS Saint-Étienne,AS St.-Étienne,https://tmssl.akamaized.net/images/wappen/medium/618.png?lm=1658260152,21/22,Timothée Kolodziejczak
12.2021,2021-12-16,30,"3,50",3500000,€,Mio.,618,AS Saint-Étienne,AS St.-Étienne,https://tmssl.akamaized.net/images/wappen/medium/618.png?lm=1658260152,21/22,Timothée Kolodziejczak
06.2021,2021-06-04,29,"4,00",4000000,€,Mio.,618,AS Saint-Étienne,AS St.-Étienne,https://tmssl.akamaized.net/images/wappen/medium/618.png?lm=1658260152,20/21,Timothée Kolodziejczak
01.2021,2021-01-07,29,"4,00",4000000,€,Mio.,618,AS Saint-Étienne,AS St.-Étienne,https://tmssl.akamaized.net/images/wappen/medium/618.png?lm=1658260152,20/21,Timothée Kolodziejczak
10.2020,2020-10-15,29,"4,50",4500000,€,Mio.,618,AS Saint-Étienne,AS St.-Étienne,https://tmssl.akamaized.net/images/wappen/medium/618.png?lm=1658260152,20/21,Timothée Kolodziejczak
04.2020,2020-04-08,28,"4,80",4800000,€,Mio.,618,AS Saint-Étienne,AS St.-Étienne,https://tmssl.akamaized.net/images/wappen/medium/618.png?lm=1658260152,19/20,Timothée Kolodziejczak
12.2019,2019-12-19,28,"6,00",6000000,€,Mio.,618,AS Saint-Étienne,AS St.-Étienne,https://tmssl.akamaized.net/images/wappen/medium/618.png?lm=1658260152,19/20,Timothée Kolodziejczak
06.2019,2019-06-03,27,"6,00",6000000,€,Mio.,618,AS Saint-Étienne,AS St.-Étienne,https://tmssl.akamaized.net/images/wappen/medium/618.png?lm=1658260152,18/19,Timothée Kolodziejczak
12.2018,2018-12-17,27,"6,00",6000000,€,Mio.,618,AS Saint-Étienne,AS St.-Étienne,https://tmssl.akamaized.net/images/wappen/medium/618.png?lm=1658260152,18/19,Timothée Kolodziejczak
10.2018,2018-10-24,27,"4,00",4000000,€,Mio.,618,AS Saint-Étienne,AS St.-Étienne,https://tmssl.akamaized.net/images/wappen/medium/618.png?lm=1658260152,18/19,Timothée Kolodziejczak
04.2018,2018-04-10,26,"2,50",2500000,€,Mio.,7055,Tigres UANL,Tigres UANL,https://tmssl.akamaized.net/images/wappen/medium/7055.png?lm=1673098434,17/18,Timothée Kolodziejczak
06.2017,2017-06-19,25,"6,00",6000000,€,Mio.,18,Borussia Mönchengladbach,Bor. M'gladbach,https://tmssl.akamaized.net/images/wappen/medium/18.png?lm=1656585796,16/17,Timothée Kolodziejczak
02.2017,2017-02-07,25,"7,00",7000000,€,Mio.,18,Borussia Mönchengladbach,Bor. M'gladbach,https://tmssl.akamaized.net/images/wappen/medium/18.png?lm=1656585796,16/17,Timothée Kolodziejczak
07.2016,2016-07-15,24,"7,00",7000000,€,Mio.,368,FC Sevilla,FC Sevilla,https://tmssl.akamaized.net/images/wappen/medium/368.png?lm=1408655455,16/17,Timothée Kolodziejczak
02.2016,2016-02-22,24,"7,00",7000000,€,Mio.,368,FC Sevilla,FC Sevilla,https://tmssl.akamaized.net/images/wappen/medium/368.png?lm=1408655455,15/16,Timothée Kolodziejczak
07.2015,2015-07-01,23,"4,00",4000000,€,Mio.,368,FC Sevilla,FC Sevilla,https://tmssl.akamaized.net/images/wappen/medium/368.png?lm=1408655455,15/16,Timothée Kolodziejczak
01.2015,2015-01-23,23,"3,00",3000000,€,Mio.,368,FC Sevilla,FC Sevilla,https://tmssl.akamaized.net/images/wappen/medium/368.png?lm=1408655455,14/15,Timothée Kolodziejczak
10.2014,2014-10-05,23,"3,00",3000000,€,Mio.,368,FC Sevilla,FC Sevilla,https://tmssl.akamaized.net/images/wappen/medium/368.png?lm=1408655455,14/15,Timothée Kolodziejczak
08.2014,2014-08-07,22,"4,50",4500000,€,Mio.,417,OGC Nizza,OGC Nizza,https://tmssl.akamaized.net/images/wappen/medium/417.png?lm=1408779490,14/15,Timothée Kolodziejczak
01.2014,2014-01-14,22,"3,50",3500000,€,Mio.,417,OGC Nizza,OGC Nizza,https://tmssl.akamaized.net/images/wappen/medium/417.png?lm=1408779490,13/14,Timothée Kolodziejczak
05.2013,2013-05-30,21,"3,00",3000000,€,Mio.,417,OGC Nizza,OGC Nizza,https://tmssl.akamaized.net/images/wappen/medium/417.png?lm=1408779490,12/13,Timothée Kolodziejczak
01.2013,2013-01-07,21,"1,50",1500000,€,Mio.,417,OGC Nizza,OGC Nizza,https://tmssl.akamaized.net/images/wappen/medium/417.png?lm=1408779490,12/13,Timothée Kolodziejczak
05.2012,2012-05-23,20,600,600000,€,Tsd.,1041,Olympique Lyon,Olympique Lyon,https://tmssl.akamaized.net/images/wappen/medium/1041.png?lm=1656668172,11/12,Timothée Kolodziejczak
12.2011,2011-12-24,20,850,850000,€,Tsd.,1041,Olympique Lyon,Olympique Lyon,https://tmssl.akamaized.net/images/wappen/medium/1041.png?lm=1656668172,11/12,Timothée Kolodziejczak
06.2011,2011-06-28,19,"1,00",1000000,€,Mio.,1041,Olympique Lyon,Olympique Lyon,https://tmssl.akamaized.net/images/wappen/medium/1041.png?lm=1656668172,10/11,Timothée Kolodziejczak
05.2011,2011-05-24,19,950,950000,€,Tsd.,1041,Olympique Lyon,Olympique Lyon,https://tmssl.akamaized.net/images/wappen/medium/1041.png?lm=1656668172,10/11,Timothée Kolodziejczak
12.2010,2010-12-28,19,900,900000,€,Tsd.,1041,Olympique Lyon,Olympique Lyon,https://tmssl.akamaized.net/images/wappen/medium/1041.png?lm=1656668172,10/11,Timothée Kolodziejczak
12.2009,2009-12-22,18,750,750000,€,Tsd.,1041,Olympique Lyon,Olympique Lyon,https://tmssl.akamaized.net/images/wappen/medium/1041.png?lm=1656668172,09/10,Timothée Kolodziejczak
12.2008,2008-12-30,17,600,600000,€,Tsd.,1041,Olympique Lyon,Olympique Lyon,https://tmssl.akamaized.net/images/wappen/medium/1041.png?lm=1656668172,08/09,Timothée Kolodziejczak
08.2008,2008-08-24,16,400,400000,€,Tsd.,1041,Olympique Lyon,Olympique Lyon,https://tmssl.akamaized.net/images/wappen/medium/1041.png?lm=1656668172,08/09,Timothée Kolodziejczak
