date,unformattedDate,age,marketValue,marketValueUnformatted,marketValueCurrency,marketValueNumeral,clubID,clubName,clubShortName,clubImage,seasonID,Name
11.2022,2022-11-09,27,"35,00",35000000,€,Mio.,16,Borussia Dortmund,Bor. Dortmund,https://tmssl.akamaized.net/images/wappen/medium/16.png?lm=1396275280,22/23,Niklas Süle
06.2022,2022-06-09,26,"35,00",35000000,€,Mio.,27,FC Bayern München,Bayern München,https://tmssl.akamaized.net/images/wappen/medium/27.png?lm=1498251238,21/22,Niklas Süle
12.2021,2021-12-22,26,"35,00",35000000,€,Mio.,27,FC Bayern München,Bayern München,https://tmssl.akamaized.net/images/wappen/medium/27.png?lm=1498251238,21/22,Niklas Süle
06.2021,2021-06-01,25,"35,00",35000000,€,Mio.,27,FC Bayern München,Bayern München,https://tmssl.akamaized.net/images/wappen/medium/27.png?lm=1498251238,20/21,Niklas Süle
02.2021,2021-02-10,25,"37,00",37000000,€,Mio.,27,FC Bayern München,Bayern München,https://tmssl.akamaized.net/images/wappen/medium/27.png?lm=1498251238,20/21,Niklas Süle
04.2020,2020-04-08,24,"48,00",48000000,€,Mio.,27,FC Bayern München,Bayern München,https://tmssl.akamaized.net/images/wappen/medium/27.png?lm=1498251238,19/20,Niklas Süle
12.2019,2019-12-17,24,"60,00",60000000,€,Mio.,27,FC Bayern München,Bayern München,https://tmssl.akamaized.net/images/wappen/medium/27.png?lm=1498251238,19/20,Niklas Süle
06.2019,2019-06-05,23,"60,00",60000000,€,Mio.,27,FC Bayern München,Bayern München,https://tmssl.akamaized.net/images/wappen/medium/27.png?lm=1498251238,18/19,Niklas Süle
12.2018,2018-12-18,23,"50,00",50000000,€,Mio.,27,FC Bayern München,Bayern München,https://tmssl.akamaized.net/images/wappen/medium/27.png?lm=1498251238,18/19,Niklas Süle
10.2018,2018-10-22,23,"50,00",50000000,€,Mio.,27,FC Bayern München,Bayern München,https://tmssl.akamaized.net/images/wappen/medium/27.png?lm=1498251238,18/19,Niklas Süle
07.2018,2018-07-16,22,"45,00",45000000,€,Mio.,27,FC Bayern München,Bayern München,https://tmssl.akamaized.net/images/wappen/medium/27.png?lm=1498251238,18/19,Niklas Süle
06.2018,2018-06-05,22,"38,00",38000000,€,Mio.,27,FC Bayern München,Bayern München,https://tmssl.akamaized.net/images/wappen/medium/27.png?lm=1498251238,17/18,Niklas Süle
04.2018,2018-04-04,22,"35,00",35000000,€,Mio.,27,FC Bayern München,Bayern München,https://tmssl.akamaized.net/images/wappen/medium/27.png?lm=1498251238,17/18,Niklas Süle
12.2017,2017-12-28,22,"30,00",30000000,€,Mio.,27,FC Bayern München,Bayern München,https://tmssl.akamaized.net/images/wappen/medium/27.png?lm=1498251238,17/18,Niklas Süle
06.2017,2017-06-19,21,"25,00",25000000,€,Mio.,533,TSG 1899 Hoffenheim,TSG Hoffenheim,https://tmssl.akamaized.net/images/wappen/medium/533.png?lm=1675591766,16/17,Niklas Süle
02.2017,2017-02-07,21,"20,00",20000000,€,Mio.,533,TSG 1899 Hoffenheim,TSG Hoffenheim,https://tmssl.akamaized.net/images/wappen/medium/533.png?lm=1675591766,16/17,Niklas Süle
07.2016,2016-07-22,20,"12,00",12000000,€,Mio.,533,TSG 1899 Hoffenheim,TSG Hoffenheim,https://tmssl.akamaized.net/images/wappen/medium/533.png?lm=1675591766,16/17,Niklas Süle
04.2016,2016-04-13,20,"10,00",10000000,€,Mio.,533,TSG 1899 Hoffenheim,TSG Hoffenheim,https://tmssl.akamaized.net/images/wappen/medium/533.png?lm=1675591766,15/16,Niklas Süle
02.2016,2016-02-15,20,"8,00",8000000,€,Mio.,533,TSG 1899 Hoffenheim,TSG Hoffenheim,https://tmssl.akamaized.net/images/wappen/medium/533.png?lm=1675591766,15/16,Niklas Süle
10.2015,2015-10-16,20,"8,00",8000000,€,Mio.,533,TSG 1899 Hoffenheim,TSG Hoffenheim,https://tmssl.akamaized.net/images/wappen/medium/533.png?lm=1675591766,15/16,Niklas Süle
07.2015,2015-07-01,19,"5,50",5500000,€,Mio.,533,TSG 1899 Hoffenheim,TSG Hoffenheim,https://tmssl.akamaized.net/images/wappen/medium/533.png?lm=1675591766,15/16,Niklas Süle
02.2015,2015-02-04,19,"5,50",5500000,€,Mio.,533,TSG 1899 Hoffenheim,TSG Hoffenheim,https://tmssl.akamaized.net/images/wappen/medium/533.png?lm=1675591766,14/15,Niklas Süle
07.2014,2014-07-10,18,"5,50",5500000,€,Mio.,533,TSG 1899 Hoffenheim,TSG Hoffenheim,https://tmssl.akamaized.net/images/wappen/medium/533.png?lm=1675591766,14/15,Niklas Süle
02.2014,2014-02-12,18,"4,50",4500000,€,Mio.,533,TSG 1899 Hoffenheim,TSG Hoffenheim,https://tmssl.akamaized.net/images/wappen/medium/533.png?lm=1675591766,13/14,Niklas Süle
11.2013,2013-11-08,18,"1,00",1000000,€,Mio.,533,TSG 1899 Hoffenheim,TSG Hoffenheim,https://tmssl.akamaized.net/images/wappen/medium/533.png?lm=1675591766,13/14,Niklas Süle
06.2013,2013-06-30,17,300,300000,€,Tsd.,983,TSG 1899 Hoffenheim II,Hoffenheim II,https://tmssl.akamaized.net/images/wappen/medium/983.png?lm=1675591766,12/13,Niklas Süle
04.2013,2013-04-27,17,100,100000,€,Tsd.,983,TSG 1899 Hoffenheim II,Hoffenheim II,https://tmssl.akamaized.net/images/wappen/medium/983.png?lm=1675591766,12/13,Niklas Süle
07.2012,2012-07-15,16,25,25000,€,Tsd.,983,TSG 1899 Hoffenheim II,Hoffenheim II,https://tmssl.akamaized.net/images/wappen/medium/983.png?lm=1675591766,12/13,Niklas Süle
