date,unformattedDate,age,marketValue,marketValueUnformatted,marketValueCurrency,marketValueNumeral,clubID,clubName,clubShortName,clubImage,seasonID,Name
11.2022,2022-11-09,24,"26,00",26000000,€,Mio.,23826,RasenBallsport Leipzig,RB Leipzig,https://tmssl.akamaized.net/images/wappen/medium/23826.png?lm=1619431624,22/23,David Raum
09.2022,2022-09-21,24,"26,00",26000000,€,Mio.,23826,RasenBallsport Leipzig,RB Leipzig,https://tmssl.akamaized.net/images/wappen/medium/23826.png?lm=1619431624,22/23,David Raum
06.2022,2022-06-09,24,"20,00",20000000,€,Mio.,533,TSG 1899 Hoffenheim,TSG Hoffenheim,https://tmssl.akamaized.net/images/wappen/medium/533.png?lm=1675591766,21/22,David Raum
03.2022,2022-03-24,23,"17,00",17000000,€,Mio.,533,TSG 1899 Hoffenheim,TSG Hoffenheim,https://tmssl.akamaized.net/images/wappen/medium/533.png?lm=1675591766,21/22,David Raum
12.2021,2021-12-22,23,"12,00",12000000,€,Mio.,533,TSG 1899 Hoffenheim,TSG Hoffenheim,https://tmssl.akamaized.net/images/wappen/medium/533.png?lm=1675591766,21/22,David Raum
10.2021,2021-10-07,23,"8,50",8500000,€,Mio.,533,TSG 1899 Hoffenheim,TSG Hoffenheim,https://tmssl.akamaized.net/images/wappen/medium/533.png?lm=1675591766,21/22,David Raum
06.2021,2021-06-16,23,"5,00",5000000,€,Mio.,65,SpVgg Greuther Fürth,Greuther Fürth,https://tmssl.akamaized.net/images/wappen/medium/65.png?lm=1503682935,20/21,David Raum
03.2021,2021-03-29,22,"3,50",3500000,€,Mio.,65,SpVgg Greuther Fürth,Greuther Fürth,https://tmssl.akamaized.net/images/wappen/medium/65.png?lm=1503682935,20/21,David Raum
02.2021,2021-02-08,22,"3,00",3000000,€,Mio.,65,SpVgg Greuther Fürth,Greuther Fürth,https://tmssl.akamaized.net/images/wappen/medium/65.png?lm=1503682935,20/21,David Raum
11.2020,2020-11-18,22,800,800000,€,Tsd.,65,SpVgg Greuther Fürth,Greuther Fürth,https://tmssl.akamaized.net/images/wappen/medium/65.png?lm=1503682935,20/21,David Raum
04.2020,2020-04-08,21,400,400000,€,Tsd.,65,SpVgg Greuther Fürth,Greuther Fürth,https://tmssl.akamaized.net/images/wappen/medium/65.png?lm=1503682935,19/20,David Raum
12.2019,2019-12-13,21,450,450000,€,Tsd.,65,SpVgg Greuther Fürth,Greuther Fürth,https://tmssl.akamaized.net/images/wappen/medium/65.png?lm=1503682935,19/20,David Raum
06.2019,2019-06-12,21,500,500000,€,Tsd.,65,SpVgg Greuther Fürth,Greuther Fürth,https://tmssl.akamaized.net/images/wappen/medium/65.png?lm=1503682935,18/19,David Raum
01.2019,2019-01-08,20,600,600000,€,Tsd.,65,SpVgg Greuther Fürth,Greuther Fürth,https://tmssl.akamaized.net/images/wappen/medium/65.png?lm=1503682935,18/19,David Raum
06.2018,2018-06-19,20,600,600000,€,Tsd.,65,SpVgg Greuther Fürth,Greuther Fürth,https://tmssl.akamaized.net/images/wappen/medium/65.png?lm=1503682935,17/18,David Raum
01.2018,2018-01-22,19,350,350000,€,Tsd.,65,SpVgg Greuther Fürth,Greuther Fürth,https://tmssl.akamaized.net/images/wappen/medium/65.png?lm=1503682935,17/18,David Raum
06.2017,2017-06-27,19,125,125000,€,Tsd.,65,SpVgg Greuther Fürth,Greuther Fürth,https://tmssl.akamaized.net/images/wappen/medium/65.png?lm=1503682935,16/17,David Raum
01.2017,2017-01-23,18,125,125000,€,Tsd.,2612,SpVgg Greuther Fürth U19,Gr. Fürth U19,https://tmssl.akamaized.net/images/wappen/medium/2612.png?lm=1503682935,16/17,David Raum
