date,unformattedDate,age,marketValue,marketValueUnformatted,marketValueCurrency,marketValueNumeral,clubID,clubName,clubShortName,clubImage,seasonID,Name
10.2022,2022-10-27,30,"1,00",1000000,€,Mio.,868,MKE Ankaragücü,Ankaragücü,https://tmssl.akamaized.net/images/wappen/medium/868.png?lm=1582635029,22/23,Tolga Cigerci
06.2022,2022-06-01,30,"1,10",1100000,€,Mio.,6890,Basaksehir FK,Basaksehir,https://tmssl.akamaized.net/images/wappen/medium/6890.png?lm=1521449959,21/22,Tolga Cigerci
03.2022,2022-03-31,30,900,900000,€,Tsd.,6890,Basaksehir FK,Basaksehir,https://tmssl.akamaized.net/images/wappen/medium/6890.png?lm=1521449959,21/22,Tolga Cigerci
01.2022,2022-01-04,29,750,750000,€,Tsd.,6890,Basaksehir FK,Basaksehir,https://tmssl.akamaized.net/images/wappen/medium/6890.png?lm=1521449959,21/22,Tolga Cigerci
10.2021,2021-10-12,29,450,450000,€,Tsd.,6890,Basaksehir FK,Basaksehir,https://tmssl.akamaized.net/images/wappen/medium/6890.png?lm=1521449959,21/22,Tolga Cigerci
05.2021,2021-05-21,29,600,600000,€,Tsd.,6890,Basaksehir FK,Basaksehir,https://tmssl.akamaized.net/images/wappen/medium/6890.png?lm=1521449959,20/21,Tolga Cigerci
03.2021,2021-03-16,28,500,500000,€,Tsd.,6890,Basaksehir FK,Basaksehir,https://tmssl.akamaized.net/images/wappen/medium/6890.png?lm=1521449959,20/21,Tolga Cigerci
12.2020,2020-12-23,28,750,750000,€,Tsd.,36,Fenerbahce,Fenerbahce,https://tmssl.akamaized.net/images/wappen/medium/36.png?lm=1406739123,20/21,Tolga Cigerci
08.2020,2020-08-04,28,"1,20",1200000,€,Mio.,36,Fenerbahce,Fenerbahce,https://tmssl.akamaized.net/images/wappen/medium/36.png?lm=1406739123,20/21,Tolga Cigerci
04.2020,2020-04-08,28,"1,20",1200000,€,Mio.,36,Fenerbahce,Fenerbahce,https://tmssl.akamaized.net/images/wappen/medium/36.png?lm=1406739123,19/20,Tolga Cigerci
01.2020,2020-01-03,27,"1,50",1500000,€,Mio.,36,Fenerbahce,Fenerbahce,https://tmssl.akamaized.net/images/wappen/medium/36.png?lm=1406739123,19/20,Tolga Cigerci
10.2019,2019-10-04,27,"1,00",1000000,€,Mio.,36,Fenerbahce,Fenerbahce,https://tmssl.akamaized.net/images/wappen/medium/36.png?lm=1406739123,19/20,Tolga Cigerci
06.2019,2019-06-04,27,600,600000,€,Tsd.,36,Fenerbahce,Fenerbahce,https://tmssl.akamaized.net/images/wappen/medium/36.png?lm=1406739123,18/19,Tolga Cigerci
01.2019,2019-01-04,26,"1,25",1250000,€,Mio.,36,Fenerbahce,Fenerbahce,https://tmssl.akamaized.net/images/wappen/medium/36.png?lm=1406739123,18/19,Tolga Cigerci
05.2018,2018-05-29,26,"2,75",2750000,€,Mio.,141,Galatasaray,Galatasaray,https://tmssl.akamaized.net/images/wappen/medium/141.png?lm=1406739071,17/18,Tolga Cigerci
02.2018,2018-02-12,25,"4,00",4000000,€,Mio.,141,Galatasaray,Galatasaray,https://tmssl.akamaized.net/images/wappen/medium/141.png?lm=1406739071,17/18,Tolga Cigerci
10.2017,2017-10-06,25,"4,50",4500000,€,Mio.,141,Galatasaray,Galatasaray,https://tmssl.akamaized.net/images/wappen/medium/141.png?lm=1406739071,17/18,Tolga Cigerci
06.2017,2017-06-09,25,"3,00",3000000,€,Mio.,141,Galatasaray,Galatasaray,https://tmssl.akamaized.net/images/wappen/medium/141.png?lm=1406739071,16/17,Tolga Cigerci
01.2017,2017-01-10,24,"3,50",3500000,€,Mio.,141,Galatasaray,Galatasaray,https://tmssl.akamaized.net/images/wappen/medium/141.png?lm=1406739071,16/17,Tolga Cigerci
10.2016,2016-10-18,24,"3,50",3500000,€,Mio.,141,Galatasaray,Galatasaray,https://tmssl.akamaized.net/images/wappen/medium/141.png?lm=1406739071,16/17,Tolga Cigerci
07.2016,2016-07-22,24,"2,50",2500000,€,Mio.,44,Hertha BSC,Hertha BSC,https://tmssl.akamaized.net/images/wappen/medium/44.png?lm=1656580875,16/17,Tolga Cigerci
02.2016,2016-02-15,23,"2,50",2500000,€,Mio.,44,Hertha BSC,Hertha BSC,https://tmssl.akamaized.net/images/wappen/medium/44.png?lm=1656580875,15/16,Tolga Cigerci
07.2015,2015-07-01,23,"2,50",2500000,€,Mio.,44,Hertha BSC,Hertha BSC,https://tmssl.akamaized.net/images/wappen/medium/44.png?lm=1656580875,15/16,Tolga Cigerci
02.2015,2015-02-04,22,"3,00",3000000,€,Mio.,44,Hertha BSC,Hertha BSC,https://tmssl.akamaized.net/images/wappen/medium/44.png?lm=1656580875,14/15,Tolga Cigerci
07.2014,2014-07-10,22,"3,50",3500000,€,Mio.,44,Hertha BSC,Hertha BSC,https://tmssl.akamaized.net/images/wappen/medium/44.png?lm=1656580875,14/15,Tolga Cigerci
02.2014,2014-02-12,21,"2,50",2500000,€,Mio.,44,Hertha BSC,Hertha BSC,https://tmssl.akamaized.net/images/wappen/medium/44.png?lm=1656580875,13/14,Tolga Cigerci
06.2013,2013-06-30,21,"1,00",1000000,€,Mio.,82,VfL Wolfsburg,VfL Wolfsburg,https://tmssl.akamaized.net/images/wappen/medium/82.png?lm=1503060755,12/13,Tolga Cigerci
01.2013,2013-01-13,20,"1,00",1000000,€,Mio.,18,Borussia Mönchengladbach,Bor. M'gladbach,https://tmssl.akamaized.net/images/wappen/medium/18.png?lm=1656585796,12/13,Tolga Cigerci
06.2012,2012-06-29,20,800,800000,€,Tsd.,18,Borussia Mönchengladbach,Bor. M'gladbach,https://tmssl.akamaized.net/images/wappen/medium/18.png?lm=1656585796,11/12,Tolga Cigerci
01.2012,2012-01-23,19,750,750000,€,Tsd.,18,Borussia Mönchengladbach,Bor. M'gladbach,https://tmssl.akamaized.net/images/wappen/medium/18.png?lm=1656585796,11/12,Tolga Cigerci
06.2011,2011-06-29,19,600,600000,€,Tsd.,82,VfL Wolfsburg,VfL Wolfsburg,https://tmssl.akamaized.net/images/wappen/medium/82.png?lm=1503060755,10/11,Tolga Cigerci
01.2011,2011-01-12,18,600,600000,€,Tsd.,82,VfL Wolfsburg,VfL Wolfsburg,https://tmssl.akamaized.net/images/wappen/medium/82.png?lm=1503060755,10/11,Tolga Cigerci
11.2010,2010-11-29,18,300,300000,€,Tsd.,82,VfL Wolfsburg,VfL Wolfsburg,https://tmssl.akamaized.net/images/wappen/medium/82.png?lm=1503060755,10/11,Tolga Cigerci
09.2010,2010-09-28,18,150,150000,€,Tsd.,82,VfL Wolfsburg,VfL Wolfsburg,https://tmssl.akamaized.net/images/wappen/medium/82.png?lm=1503060755,10/11,Tolga Cigerci
08.2010,2010-08-01,18,100,100000,€,Tsd.,82,VfL Wolfsburg,VfL Wolfsburg,https://tmssl.akamaized.net/images/wappen/medium/82.png?lm=1503060755,10/11,Tolga Cigerci
