date,unformattedDate,age,marketValue,marketValueUnformatted,marketValueCurrency,marketValueNumeral,clubID,clubName,clubShortName,clubImage,seasonID,Name
12.2022,2022-12-08,19,900,900000,€,Tsd.,60,SC Freiburg,SC Freiburg,https://tmssl.akamaized.net/images/wappen/medium/60.png?lm=1517249279,22/23,Robert Wagner
10.2022,2022-10-05,19,600,600000,€,Tsd.,60,SC Freiburg,SC Freiburg,https://tmssl.akamaized.net/images/wappen/medium/60.png?lm=1517249279,22/23,Robert Wagner
06.2022,2022-06-01,18,500,500000,€,Tsd.,245,SC Freiburg II,SC Freiburg II,https://tmssl.akamaized.net/images/wappen/medium/245.png?lm=1594709898,21/22,Robert Wagner
03.2022,2022-03-16,18,500,500000,€,Tsd.,245,SC Freiburg II,SC Freiburg II,https://tmssl.akamaized.net/images/wappen/medium/245.png?lm=1594709898,21/22,Robert Wagner
12.2021,2021-12-30,18,300,300000,€,Tsd.,245,SC Freiburg II,SC Freiburg II,https://tmssl.akamaized.net/images/wappen/medium/245.png?lm=1594709898,21/22,Robert Wagner
10.2021,2021-10-11,18,200,200000,€,Tsd.,245,SC Freiburg II,SC Freiburg II,https://tmssl.akamaized.net/images/wappen/medium/245.png?lm=1594709898,21/22,Robert Wagner
07.2021,2021-07-01,17,100,100000,€,Tsd.,245,SC Freiburg II,SC Freiburg II,https://tmssl.akamaized.net/images/wappen/medium/245.png?lm=1594709898,21/22,Robert Wagner
