date,unformattedDate,age,marketValue,marketValueUnformatted,marketValueCurrency,marketValueNumeral,clubID,clubName,clubShortName,clubImage,seasonID,Name
12.2022,2022-12-12,21,200,200000,€,Tsd.,438,1.FC Köln II,1.FC Köln II,https://tmssl.akamaized.net/images/wappen/medium/438.png?lm=1656580823,22/23,Georg Strauch
11.2022,2022-11-09,21,200,200000,€,Tsd.,438,1.FC Köln II,1.FC Köln II,https://tmssl.akamaized.net/images/wappen/medium/438.png?lm=1656580823,22/23,Georg Strauch
09.2022,2022-09-21,21,200,200000,€,Tsd.,438,1.FC Köln II,1.FC Köln II,https://tmssl.akamaized.net/images/wappen/medium/438.png?lm=1656580823,22/23,Georg Strauch
06.2022,2022-06-13,21,100,100000,€,Tsd.,438,1.FC Köln II,1.FC Köln II,https://tmssl.akamaized.net/images/wappen/medium/438.png?lm=1656580823,21/22,Georg Strauch
12.2021,2021-12-22,20,100,100000,€,Tsd.,438,1.FC Köln II,1.FC Köln II,https://tmssl.akamaized.net/images/wappen/medium/438.png?lm=1656580823,21/22,Georg Strauch
06.2021,2021-06-26,20,100,100000,€,Tsd.,438,1.FC Köln II,1.FC Köln II,https://tmssl.akamaized.net/images/wappen/medium/438.png?lm=1656580823,20/21,Georg Strauch
01.2021,2021-01-05,19,100,100000,€,Tsd.,438,1.FC Köln II,1.FC Köln II,https://tmssl.akamaized.net/images/wappen/medium/438.png?lm=1656580823,20/21,Georg Strauch
08.2020,2020-08-31,19,25,25000,€,Tsd.,438,1.FC Köln II,1.FC Köln II,https://tmssl.akamaized.net/images/wappen/medium/438.png?lm=1656580823,20/21,Georg Strauch
