date,unformattedDate,age,marketValue,marketValueUnformatted,marketValueCurrency,marketValueNumeral,clubID,clubName,clubShortName,clubImage,seasonID,Name
11.2022,2022-11-09,28,"14,00",14000000,€,Mio.,16,Borussia Dortmund,Bor. Dortmund,https://tmssl.akamaized.net/images/wappen/medium/16.png?lm=1396275280,22/23,Emre Can
09.2022,2022-09-21,28,"14,00",14000000,€,Mio.,16,Borussia Dortmund,Bor. Dortmund,https://tmssl.akamaized.net/images/wappen/medium/16.png?lm=1396275280,22/23,Emre Can
06.2022,2022-06-09,28,"16,00",16000000,€,Mio.,16,Borussia Dortmund,Bor. Dortmund,https://tmssl.akamaized.net/images/wappen/medium/16.png?lm=1396275280,21/22,Emre Can
03.2022,2022-03-24,28,"16,00",16000000,€,Mio.,16,Borussia Dortmund,Bor. Dortmund,https://tmssl.akamaized.net/images/wappen/medium/16.png?lm=1396275280,21/22,Emre Can
12.2021,2021-12-22,27,"22,00",22000000,€,Mio.,16,Borussia Dortmund,Bor. Dortmund,https://tmssl.akamaized.net/images/wappen/medium/16.png?lm=1396275280,21/22,Emre Can
06.2021,2021-06-01,27,"26,00",26000000,€,Mio.,16,Borussia Dortmund,Bor. Dortmund,https://tmssl.akamaized.net/images/wappen/medium/16.png?lm=1396275280,20/21,Emre Can
02.2021,2021-02-10,27,"26,00",26000000,€,Mio.,16,Borussia Dortmund,Bor. Dortmund,https://tmssl.akamaized.net/images/wappen/medium/16.png?lm=1396275280,20/21,Emre Can
09.2020,2020-09-16,26,"26,00",26000000,€,Mio.,16,Borussia Dortmund,Bor. Dortmund,https://tmssl.akamaized.net/images/wappen/medium/16.png?lm=1396275280,20/21,Emre Can
04.2020,2020-04-08,26,"24,00",24000000,€,Mio.,16,Borussia Dortmund,Bor. Dortmund,https://tmssl.akamaized.net/images/wappen/medium/16.png?lm=1396275280,19/20,Emre Can
12.2019,2019-12-12,25,"30,00",30000000,€,Mio.,506,Juventus Turin,Juventus Turin,https://tmssl.akamaized.net/images/wappen/medium/506.png?lm=1626441487,19/20,Emre Can
10.2019,2019-10-08,25,"33,00",33000000,€,Mio.,506,Juventus Turin,Juventus Turin,https://tmssl.akamaized.net/images/wappen/medium/506.png?lm=1626441487,19/20,Emre Can
06.2019,2019-06-06,25,"40,00",40000000,€,Mio.,506,Juventus Turin,Juventus Turin,https://tmssl.akamaized.net/images/wappen/medium/506.png?lm=1626441487,18/19,Emre Can
12.2018,2018-12-20,24,"30,00",30000000,€,Mio.,506,Juventus Turin,Juventus Turin,https://tmssl.akamaized.net/images/wappen/medium/506.png?lm=1626441487,18/19,Emre Can
05.2018,2018-05-28,24,"30,00",30000000,€,Mio.,31,FC Liverpool,Liverpool,https://tmssl.akamaized.net/images/wappen/medium/31.png?lm=1456567819,17/18,Emre Can
01.2018,2018-01-02,23,"28,00",28000000,€,Mio.,31,FC Liverpool,Liverpool,https://tmssl.akamaized.net/images/wappen/medium/31.png?lm=1456567819,17/18,Emre Can
10.2017,2017-10-23,23,"22,00",22000000,€,Mio.,31,FC Liverpool,Liverpool,https://tmssl.akamaized.net/images/wappen/medium/31.png?lm=1456567819,17/18,Emre Can
06.2017,2017-06-28,23,"15,00",15000000,€,Mio.,31,FC Liverpool,Liverpool,https://tmssl.akamaized.net/images/wappen/medium/31.png?lm=1456567819,16/17,Emre Can
02.2017,2017-02-20,23,"15,00",15000000,€,Mio.,31,FC Liverpool,Liverpool,https://tmssl.akamaized.net/images/wappen/medium/31.png?lm=1456567819,16/17,Emre Can
08.2016,2016-08-01,22,"18,00",18000000,€,Mio.,31,FC Liverpool,Liverpool,https://tmssl.akamaized.net/images/wappen/medium/31.png?lm=1456567819,16/17,Emre Can
06.2016,2016-06-01,22,"18,00",18000000,€,Mio.,31,FC Liverpool,Liverpool,https://tmssl.akamaized.net/images/wappen/medium/31.png?lm=1456567819,15/16,Emre Can
02.2016,2016-02-09,22,"15,00",15000000,€,Mio.,31,FC Liverpool,Liverpool,https://tmssl.akamaized.net/images/wappen/medium/31.png?lm=1456567819,15/16,Emre Can
07.2015,2015-07-01,21,"15,00",15000000,€,Mio.,31,FC Liverpool,Liverpool,https://tmssl.akamaized.net/images/wappen/medium/31.png?lm=1456567819,15/16,Emre Can
02.2015,2015-02-12,21,"12,00",12000000,€,Mio.,31,FC Liverpool,Liverpool,https://tmssl.akamaized.net/images/wappen/medium/31.png?lm=1456567819,14/15,Emre Can
08.2014,2014-08-12,20,"12,00",12000000,€,Mio.,31,FC Liverpool,Liverpool,https://tmssl.akamaized.net/images/wappen/medium/31.png?lm=1456567819,14/15,Emre Can
02.2014,2014-02-12,20,"7,50",7500000,€,Mio.,15,Bayer 04 Leverkusen,B. Leverkusen,https://tmssl.akamaized.net/images/wappen/medium/15.png?lm=1651221781,13/14,Emre Can
08.2013,2013-08-27,19,"5,00",5000000,€,Mio.,15,Bayer 04 Leverkusen,B. Leverkusen,https://tmssl.akamaized.net/images/wappen/medium/15.png?lm=1651221781,13/14,Emre Can
06.2013,2013-06-30,19,"1,50",1500000,€,Mio.,27,FC Bayern München,Bayern München,https://tmssl.akamaized.net/images/wappen/medium/27.png?lm=1498251238,12/13,Emre Can
01.2013,2013-01-13,19,"1,50",1500000,€,Mio.,27,FC Bayern München,Bayern München,https://tmssl.akamaized.net/images/wappen/medium/27.png?lm=1498251238,12/13,Emre Can
08.2012,2012-08-26,18,"1,50",1500000,€,Mio.,27,FC Bayern München,Bayern München,https://tmssl.akamaized.net/images/wappen/medium/27.png?lm=1498251238,12/13,Emre Can
03.2012,2012-03-05,18,600,600000,€,Tsd.,28,FC Bayern München II,B. München II,https://tmssl.akamaized.net/images/wappen/medium/28.png?lm=1498251238,11/12,Emre Can
02.2012,2012-02-03,18,400,400000,€,Tsd.,28,FC Bayern München II,B. München II,https://tmssl.akamaized.net/images/wappen/medium/28.png?lm=1498251238,11/12,Emre Can
01.2012,2012-01-09,17,200,200000,€,Tsd.,28,FC Bayern München II,B. München II,https://tmssl.akamaized.net/images/wappen/medium/28.png?lm=1498251238,11/12,Emre Can
07.2011,2011-07-02,17,150,150000,€,Tsd.,28,FC Bayern München II,B. München II,https://tmssl.akamaized.net/images/wappen/medium/28.png?lm=1498251238,11/12,Emre Can
