date,unformattedDate,age,marketValue,marketValueUnformatted,marketValueCurrency,marketValueNumeral,clubID,clubName,clubShortName,clubImage,seasonID,Name
11.2022,2022-11-09,21,"1,50",1500000,€,Mio.,39,1.FSV Mainz 05,1.FSV Mainz 05,https://tmssl.akamaized.net/images/wappen/medium/39.png?lm=1564748880,22/23,Niklas Tauer
06.2022,2022-06-09,21,"1,50",1500000,€,Mio.,39,1.FSV Mainz 05,1.FSV Mainz 05,https://tmssl.akamaized.net/images/wappen/medium/39.png?lm=1564748880,21/22,Niklas Tauer
12.2021,2021-12-22,20,"1,00",1000000,€,Mio.,39,1.FSV Mainz 05,1.FSV Mainz 05,https://tmssl.akamaized.net/images/wappen/medium/39.png?lm=1564748880,21/22,Niklas Tauer
10.2021,2021-10-07,20,"1,00",1000000,€,Mio.,39,1.FSV Mainz 05,1.FSV Mainz 05,https://tmssl.akamaized.net/images/wappen/medium/39.png?lm=1564748880,21/22,Niklas Tauer
06.2021,2021-06-09,20,700,700000,€,Tsd.,39,1.FSV Mainz 05,1.FSV Mainz 05,https://tmssl.akamaized.net/images/wappen/medium/39.png?lm=1564748880,20/21,Niklas Tauer
02.2021,2021-02-10,19,700,700000,€,Tsd.,39,1.FSV Mainz 05,1.FSV Mainz 05,https://tmssl.akamaized.net/images/wappen/medium/39.png?lm=1564748880,20/21,Niklas Tauer
12.2019,2019-12-17,18,200,200000,€,Tsd.,39,1.FSV Mainz 05,1.FSV Mainz 05,https://tmssl.akamaized.net/images/wappen/medium/39.png?lm=1564748880,19/20,Niklas Tauer
