date,unformattedDate,age,marketValue,marketValueUnformatted,marketValueCurrency,marketValueNumeral,clubID,clubName,clubShortName,clubImage,seasonID,Name
11.2022,2022-11-09,32,"1,50",1500000,€,Mio.,533,TSG 1899 Hoffenheim,TSG Hoffenheim,https://tmssl.akamaized.net/images/wappen/medium/533.png?lm=1675591766,22/23,Sebastian Rudy
06.2022,2022-06-09,32,"1,50",1500000,€,Mio.,533,TSG 1899 Hoffenheim,TSG Hoffenheim,https://tmssl.akamaized.net/images/wappen/medium/533.png?lm=1675591766,21/22,Sebastian Rudy
12.2021,2021-12-22,31,"2,50",2500000,€,Mio.,533,TSG 1899 Hoffenheim,TSG Hoffenheim,https://tmssl.akamaized.net/images/wappen/medium/533.png?lm=1675591766,21/22,Sebastian Rudy
06.2021,2021-06-09,31,"3,00",3000000,€,Mio.,533,TSG 1899 Hoffenheim,TSG Hoffenheim,https://tmssl.akamaized.net/images/wappen/medium/533.png?lm=1675591766,20/21,Sebastian Rudy
02.2021,2021-02-10,30,"4,00",4000000,€,Mio.,533,TSG 1899 Hoffenheim,TSG Hoffenheim,https://tmssl.akamaized.net/images/wappen/medium/533.png?lm=1675591766,20/21,Sebastian Rudy
09.2020,2020-09-16,30,"4,50",4500000,€,Mio.,33,FC Schalke 04,FC Schalke 04,https://tmssl.akamaized.net/images/wappen/medium/33.png?lm=1656580846,20/21,Sebastian Rudy
04.2020,2020-04-08,30,"5,20",5200000,€,Mio.,533,TSG 1899 Hoffenheim,TSG Hoffenheim,https://tmssl.akamaized.net/images/wappen/medium/533.png?lm=1675591766,19/20,Sebastian Rudy
12.2019,2019-12-17,29,"6,50",6500000,€,Mio.,533,TSG 1899 Hoffenheim,TSG Hoffenheim,https://tmssl.akamaized.net/images/wappen/medium/533.png?lm=1675591766,19/20,Sebastian Rudy
10.2019,2019-10-02,29,"6,50",6500000,€,Mio.,533,TSG 1899 Hoffenheim,TSG Hoffenheim,https://tmssl.akamaized.net/images/wappen/medium/533.png?lm=1675591766,19/20,Sebastian Rudy
06.2019,2019-06-05,29,"9,00",9000000,€,Mio.,33,FC Schalke 04,FC Schalke 04,https://tmssl.akamaized.net/images/wappen/medium/33.png?lm=1656580846,18/19,Sebastian Rudy
03.2019,2019-03-06,29,"11,00",11000000,€,Mio.,33,FC Schalke 04,FC Schalke 04,https://tmssl.akamaized.net/images/wappen/medium/33.png?lm=1656580846,18/19,Sebastian Rudy
12.2018,2018-12-18,28,"14,00",14000000,€,Mio.,33,FC Schalke 04,FC Schalke 04,https://tmssl.akamaized.net/images/wappen/medium/33.png?lm=1656580846,18/19,Sebastian Rudy
06.2018,2018-06-05,28,"15,00",15000000,€,Mio.,27,FC Bayern München,Bayern München,https://tmssl.akamaized.net/images/wappen/medium/27.png?lm=1498251238,17/18,Sebastian Rudy
12.2017,2017-12-28,27,"15,00",15000000,€,Mio.,27,FC Bayern München,Bayern München,https://tmssl.akamaized.net/images/wappen/medium/27.png?lm=1498251238,17/18,Sebastian Rudy
10.2017,2017-10-18,27,"12,00",12000000,€,Mio.,27,FC Bayern München,Bayern München,https://tmssl.akamaized.net/images/wappen/medium/27.png?lm=1498251238,17/18,Sebastian Rudy
06.2017,2017-06-19,27,"8,00",8000000,€,Mio.,533,TSG 1899 Hoffenheim,TSG Hoffenheim,https://tmssl.akamaized.net/images/wappen/medium/533.png?lm=1675591766,16/17,Sebastian Rudy
02.2017,2017-02-07,26,"6,50",6500000,€,Mio.,533,TSG 1899 Hoffenheim,TSG Hoffenheim,https://tmssl.akamaized.net/images/wappen/medium/533.png?lm=1675591766,16/17,Sebastian Rudy
07.2016,2016-07-22,26,"4,00",4000000,€,Mio.,533,TSG 1899 Hoffenheim,TSG Hoffenheim,https://tmssl.akamaized.net/images/wappen/medium/533.png?lm=1675591766,16/17,Sebastian Rudy
02.2016,2016-02-15,25,"4,00",4000000,€,Mio.,533,TSG 1899 Hoffenheim,TSG Hoffenheim,https://tmssl.akamaized.net/images/wappen/medium/533.png?lm=1675591766,15/16,Sebastian Rudy
07.2015,2015-07-01,25,"5,00",5000000,€,Mio.,533,TSG 1899 Hoffenheim,TSG Hoffenheim,https://tmssl.akamaized.net/images/wappen/medium/533.png?lm=1675591766,15/16,Sebastian Rudy
02.2015,2015-02-04,24,"5,00",5000000,€,Mio.,533,TSG 1899 Hoffenheim,TSG Hoffenheim,https://tmssl.akamaized.net/images/wappen/medium/533.png?lm=1675591766,14/15,Sebastian Rudy
11.2014,2014-11-03,24,"4,50",4500000,€,Mio.,533,TSG 1899 Hoffenheim,TSG Hoffenheim,https://tmssl.akamaized.net/images/wappen/medium/533.png?lm=1675591766,14/15,Sebastian Rudy
07.2014,2014-07-10,24,"3,00",3000000,€,Mio.,533,TSG 1899 Hoffenheim,TSG Hoffenheim,https://tmssl.akamaized.net/images/wappen/medium/533.png?lm=1675591766,14/15,Sebastian Rudy
02.2014,2014-02-12,23,"3,00",3000000,€,Mio.,533,TSG 1899 Hoffenheim,TSG Hoffenheim,https://tmssl.akamaized.net/images/wappen/medium/533.png?lm=1675591766,13/14,Sebastian Rudy
06.2013,2013-06-30,23,"4,00",4000000,€,Mio.,533,TSG 1899 Hoffenheim,TSG Hoffenheim,https://tmssl.akamaized.net/images/wappen/medium/533.png?lm=1675591766,12/13,Sebastian Rudy
03.2013,2013-03-11,23,"4,00",4000000,€,Mio.,533,TSG 1899 Hoffenheim,TSG Hoffenheim,https://tmssl.akamaized.net/images/wappen/medium/533.png?lm=1675591766,12/13,Sebastian Rudy
01.2013,2013-01-13,22,"5,00",5000000,€,Mio.,533,TSG 1899 Hoffenheim,TSG Hoffenheim,https://tmssl.akamaized.net/images/wappen/medium/533.png?lm=1675591766,12/13,Sebastian Rudy
06.2012,2012-06-29,22,"5,50",5500000,€,Mio.,533,TSG 1899 Hoffenheim,TSG Hoffenheim,https://tmssl.akamaized.net/images/wappen/medium/533.png?lm=1675591766,11/12,Sebastian Rudy
01.2012,2012-01-23,21,"6,50",6500000,€,Mio.,533,TSG 1899 Hoffenheim,TSG Hoffenheim,https://tmssl.akamaized.net/images/wappen/medium/533.png?lm=1675591766,11/12,Sebastian Rudy
06.2011,2011-06-29,21,"6,50",6500000,€,Mio.,533,TSG 1899 Hoffenheim,TSG Hoffenheim,https://tmssl.akamaized.net/images/wappen/medium/533.png?lm=1675591766,10/11,Sebastian Rudy
01.2011,2011-01-12,20,"5,00",5000000,€,Mio.,533,TSG 1899 Hoffenheim,TSG Hoffenheim,https://tmssl.akamaized.net/images/wappen/medium/533.png?lm=1675591766,10/11,Sebastian Rudy
08.2010,2010-08-25,20,"4,00",4000000,€,Mio.,533,TSG 1899 Hoffenheim,TSG Hoffenheim,https://tmssl.akamaized.net/images/wappen/medium/533.png?lm=1675591766,10/11,Sebastian Rudy
01.2010,2010-01-17,19,"1,50",1500000,€,Mio.,79,VfB Stuttgart,VfB Stuttgart,https://tmssl.akamaized.net/images/wappen/medium/79.png?lm=1656582657,09/10,Sebastian Rudy
11.2009,2009-11-09,19,"1,00",1000000,€,Mio.,79,VfB Stuttgart,VfB Stuttgart,https://tmssl.akamaized.net/images/wappen/medium/79.png?lm=1656582657,09/10,Sebastian Rudy
08.2009,2009-08-30,19,800,800000,€,Tsd.,79,VfB Stuttgart,VfB Stuttgart,https://tmssl.akamaized.net/images/wappen/medium/79.png?lm=1656582657,09/10,Sebastian Rudy
01.2009,2009-01-21,18,400,400000,€,Tsd.,79,VfB Stuttgart,VfB Stuttgart,https://tmssl.akamaized.net/images/wappen/medium/79.png?lm=1656582657,08/09,Sebastian Rudy
07.2008,2008-07-11,18,200,200000,€,Tsd.,79,VfB Stuttgart,VfB Stuttgart,https://tmssl.akamaized.net/images/wappen/medium/79.png?lm=1656582657,08/09,Sebastian Rudy
04.2008,2008-04-23,18,50,50000,€,Tsd.,102,VfB Stuttgart II,Stuttgart II,https://tmssl.akamaized.net/images/wappen/medium/102.png?lm=1656582657,07/08,Sebastian Rudy
