date,unformattedDate,age,marketValue,marketValueUnformatted,marketValueCurrency,marketValueNumeral,clubID,clubName,clubShortName,clubImage,seasonID,Name
11.2022,2022-11-09,22,"4,00",4000000,€,Mio.,60,SC Freiburg,SC Freiburg,https://tmssl.akamaized.net/images/wappen/medium/60.png?lm=1517249279,22/23,Yannik Keitel
06.2022,2022-06-09,22,"4,00",4000000,€,Mio.,60,SC Freiburg,SC Freiburg,https://tmssl.akamaized.net/images/wappen/medium/60.png?lm=1517249279,21/22,Yannik Keitel
12.2021,2021-12-22,21,"4,00",4000000,€,Mio.,60,SC Freiburg,SC Freiburg,https://tmssl.akamaized.net/images/wappen/medium/60.png?lm=1517249279,21/22,Yannik Keitel
10.2021,2021-10-07,21,"4,00",4000000,€,Mio.,60,SC Freiburg,SC Freiburg,https://tmssl.akamaized.net/images/wappen/medium/60.png?lm=1517249279,21/22,Yannik Keitel
06.2021,2021-06-09,21,"2,00",2000000,€,Mio.,60,SC Freiburg,SC Freiburg,https://tmssl.akamaized.net/images/wappen/medium/60.png?lm=1517249279,20/21,Yannik Keitel
02.2021,2021-02-10,20,700,700000,€,Tsd.,60,SC Freiburg,SC Freiburg,https://tmssl.akamaized.net/images/wappen/medium/60.png?lm=1517249279,20/21,Yannik Keitel
07.2020,2020-07-08,20,600,600000,€,Tsd.,60,SC Freiburg,SC Freiburg,https://tmssl.akamaized.net/images/wappen/medium/60.png?lm=1517249279,20/21,Yannik Keitel
04.2020,2020-04-08,20,450,450000,€,Tsd.,245,SC Freiburg II,SC Freiburg II,https://tmssl.akamaized.net/images/wappen/medium/245.png?lm=1594709898,19/20,Yannik Keitel
03.2020,2020-03-11,20,500,500000,€,Tsd.,245,SC Freiburg II,SC Freiburg II,https://tmssl.akamaized.net/images/wappen/medium/245.png?lm=1594709898,19/20,Yannik Keitel
02.2020,2020-02-06,19,75,75000,€,Tsd.,245,SC Freiburg II,SC Freiburg II,https://tmssl.akamaized.net/images/wappen/medium/245.png?lm=1594709898,19/20,Yannik Keitel
08.2019,2019-08-12,19,75,75000,€,Tsd.,245,SC Freiburg II,SC Freiburg II,https://tmssl.akamaized.net/images/wappen/medium/245.png?lm=1594709898,19/20,Yannik Keitel
02.2019,2019-02-11,18,25,25000,€,Tsd.,245,SC Freiburg II,SC Freiburg II,https://tmssl.akamaized.net/images/wappen/medium/245.png?lm=1594709898,18/19,Yannik Keitel
08.2018,2018-08-06,18,50,50000,€,Tsd.,245,SC Freiburg II,SC Freiburg II,https://tmssl.akamaized.net/images/wappen/medium/245.png?lm=1594709898,18/19,Yannik Keitel
