date,unformattedDate,age,marketValue,marketValueUnformatted,marketValueCurrency,marketValueNumeral,clubID,clubName,clubShortName,clubImage,seasonID,Name
11.2022,2022-11-09,25,"8,00",8000000,€,Mio.,44,Hertha BSC,Hertha BSC,https://tmssl.akamaized.net/images/wappen/medium/44.png?lm=1656580875,22/23,Suat Serdar
06.2022,2022-06-09,25,"8,00",8000000,€,Mio.,44,Hertha BSC,Hertha BSC,https://tmssl.akamaized.net/images/wappen/medium/44.png?lm=1656580875,21/22,Suat Serdar
03.2022,2022-03-24,24,"9,00",9000000,€,Mio.,44,Hertha BSC,Hertha BSC,https://tmssl.akamaized.net/images/wappen/medium/44.png?lm=1656580875,21/22,Suat Serdar
12.2021,2021-12-22,24,"12,00",12000000,€,Mio.,44,Hertha BSC,Hertha BSC,https://tmssl.akamaized.net/images/wappen/medium/44.png?lm=1656580875,21/22,Suat Serdar
06.2021,2021-06-09,24,"9,00",9000000,€,Mio.,33,FC Schalke 04,FC Schalke 04,https://tmssl.akamaized.net/images/wappen/medium/33.png?lm=1656580846,20/21,Suat Serdar
03.2021,2021-03-31,23,"11,00",11000000,€,Mio.,33,FC Schalke 04,FC Schalke 04,https://tmssl.akamaized.net/images/wappen/medium/33.png?lm=1656580846,20/21,Suat Serdar
02.2021,2021-02-10,23,"15,00",15000000,€,Mio.,33,FC Schalke 04,FC Schalke 04,https://tmssl.akamaized.net/images/wappen/medium/33.png?lm=1656580846,20/21,Suat Serdar
04.2020,2020-04-08,22,"20,00",20000000,€,Mio.,33,FC Schalke 04,FC Schalke 04,https://tmssl.akamaized.net/images/wappen/medium/33.png?lm=1656580846,19/20,Suat Serdar
03.2020,2020-03-11,22,"25,00",25000000,€,Mio.,33,FC Schalke 04,FC Schalke 04,https://tmssl.akamaized.net/images/wappen/medium/33.png?lm=1656580846,19/20,Suat Serdar
12.2019,2019-12-17,22,"20,00",20000000,€,Mio.,33,FC Schalke 04,FC Schalke 04,https://tmssl.akamaized.net/images/wappen/medium/33.png?lm=1656580846,19/20,Suat Serdar
06.2019,2019-06-05,22,"13,00",13000000,€,Mio.,33,FC Schalke 04,FC Schalke 04,https://tmssl.akamaized.net/images/wappen/medium/33.png?lm=1656580846,18/19,Suat Serdar
12.2018,2018-12-18,21,"11,00",11000000,€,Mio.,33,FC Schalke 04,FC Schalke 04,https://tmssl.akamaized.net/images/wappen/medium/33.png?lm=1656580846,18/19,Suat Serdar
08.2018,2018-08-22,21,"11,00",11000000,€,Mio.,33,FC Schalke 04,FC Schalke 04,https://tmssl.akamaized.net/images/wappen/medium/33.png?lm=1656580846,18/19,Suat Serdar
06.2018,2018-06-05,21,"7,50",7500000,€,Mio.,39,1.FSV Mainz 05,1.FSV Mainz 05,https://tmssl.akamaized.net/images/wappen/medium/39.png?lm=1564748880,17/18,Suat Serdar
12.2017,2017-12-28,20,"3,00",3000000,€,Mio.,39,1.FSV Mainz 05,1.FSV Mainz 05,https://tmssl.akamaized.net/images/wappen/medium/39.png?lm=1564748880,17/18,Suat Serdar
06.2017,2017-06-19,20,"1,50",1500000,€,Mio.,39,1.FSV Mainz 05,1.FSV Mainz 05,https://tmssl.akamaized.net/images/wappen/medium/39.png?lm=1564748880,16/17,Suat Serdar
02.2017,2017-02-07,19,"1,50",1500000,€,Mio.,39,1.FSV Mainz 05,1.FSV Mainz 05,https://tmssl.akamaized.net/images/wappen/medium/39.png?lm=1564748880,16/17,Suat Serdar
10.2016,2016-10-13,19,"1,00",1000000,€,Mio.,39,1.FSV Mainz 05,1.FSV Mainz 05,https://tmssl.akamaized.net/images/wappen/medium/39.png?lm=1564748880,16/17,Suat Serdar
07.2016,2016-07-22,19,500,500000,€,Tsd.,39,1.FSV Mainz 05,1.FSV Mainz 05,https://tmssl.akamaized.net/images/wappen/medium/39.png?lm=1564748880,16/17,Suat Serdar
02.2016,2016-02-15,18,300,300000,€,Tsd.,39,1.FSV Mainz 05,1.FSV Mainz 05,https://tmssl.akamaized.net/images/wappen/medium/39.png?lm=1564748880,15/16,Suat Serdar
08.2015,2015-08-07,18,50,50000,€,Tsd.,39,1.FSV Mainz 05,1.FSV Mainz 05,https://tmssl.akamaized.net/images/wappen/medium/39.png?lm=1564748880,15/16,Suat Serdar
