date,unformattedDate,age,marketValue,marketValueUnformatted,marketValueCurrency,marketValueNumeral,clubID,clubName,clubShortName,clubImage,seasonID,Name
11.2022,2022-11-09,28,"17,00",17000000,€,Mio.,82,VfL Wolfsburg,VfL Wolfsburg,https://tmssl.akamaized.net/images/wappen/medium/82.png?lm=1503060755,22/23,Maximilian Arnold
06.2022,2022-06-09,28,"17,00",17000000,€,Mio.,82,VfL Wolfsburg,VfL Wolfsburg,https://tmssl.akamaized.net/images/wappen/medium/82.png?lm=1503060755,21/22,Maximilian Arnold
12.2021,2021-12-22,27,"17,00",17000000,€,Mio.,82,VfL Wolfsburg,VfL Wolfsburg,https://tmssl.akamaized.net/images/wappen/medium/82.png?lm=1503060755,21/22,Maximilian Arnold
06.2021,2021-06-09,27,"19,00",19000000,€,Mio.,82,VfL Wolfsburg,VfL Wolfsburg,https://tmssl.akamaized.net/images/wappen/medium/82.png?lm=1503060755,20/21,Maximilian Arnold
02.2021,2021-02-10,26,"19,00",19000000,€,Mio.,82,VfL Wolfsburg,VfL Wolfsburg,https://tmssl.akamaized.net/images/wappen/medium/82.png?lm=1503060755,20/21,Maximilian Arnold
07.2020,2020-07-08,26,"17,00",17000000,€,Mio.,82,VfL Wolfsburg,VfL Wolfsburg,https://tmssl.akamaized.net/images/wappen/medium/82.png?lm=1503060755,20/21,Maximilian Arnold
04.2020,2020-04-08,25,"14,50",14500000,€,Mio.,82,VfL Wolfsburg,VfL Wolfsburg,https://tmssl.akamaized.net/images/wappen/medium/82.png?lm=1503060755,19/20,Maximilian Arnold
12.2019,2019-12-17,25,"18,00",18000000,€,Mio.,82,VfL Wolfsburg,VfL Wolfsburg,https://tmssl.akamaized.net/images/wappen/medium/82.png?lm=1503060755,19/20,Maximilian Arnold
10.2019,2019-10-02,25,"18,00",18000000,€,Mio.,82,VfL Wolfsburg,VfL Wolfsburg,https://tmssl.akamaized.net/images/wappen/medium/82.png?lm=1503060755,19/20,Maximilian Arnold
06.2019,2019-06-05,25,"15,00",15000000,€,Mio.,82,VfL Wolfsburg,VfL Wolfsburg,https://tmssl.akamaized.net/images/wappen/medium/82.png?lm=1503060755,18/19,Maximilian Arnold
12.2018,2018-12-18,24,"11,00",11000000,€,Mio.,82,VfL Wolfsburg,VfL Wolfsburg,https://tmssl.akamaized.net/images/wappen/medium/82.png?lm=1503060755,18/19,Maximilian Arnold
06.2018,2018-06-05,24,"10,00",10000000,€,Mio.,82,VfL Wolfsburg,VfL Wolfsburg,https://tmssl.akamaized.net/images/wappen/medium/82.png?lm=1503060755,17/18,Maximilian Arnold
12.2017,2017-12-28,23,"12,00",12000000,€,Mio.,82,VfL Wolfsburg,VfL Wolfsburg,https://tmssl.akamaized.net/images/wappen/medium/82.png?lm=1503060755,17/18,Maximilian Arnold
06.2017,2017-06-19,23,"10,00",10000000,€,Mio.,82,VfL Wolfsburg,VfL Wolfsburg,https://tmssl.akamaized.net/images/wappen/medium/82.png?lm=1503060755,16/17,Maximilian Arnold
02.2017,2017-02-07,22,"10,00",10000000,€,Mio.,82,VfL Wolfsburg,VfL Wolfsburg,https://tmssl.akamaized.net/images/wappen/medium/82.png?lm=1503060755,16/17,Maximilian Arnold
07.2016,2016-07-22,22,"12,00",12000000,€,Mio.,82,VfL Wolfsburg,VfL Wolfsburg,https://tmssl.akamaized.net/images/wappen/medium/82.png?lm=1503060755,16/17,Maximilian Arnold
02.2016,2016-02-15,21,"12,00",12000000,€,Mio.,82,VfL Wolfsburg,VfL Wolfsburg,https://tmssl.akamaized.net/images/wappen/medium/82.png?lm=1503060755,15/16,Maximilian Arnold
07.2015,2015-07-01,21,"12,00",12000000,€,Mio.,82,VfL Wolfsburg,VfL Wolfsburg,https://tmssl.akamaized.net/images/wappen/medium/82.png?lm=1503060755,15/16,Maximilian Arnold
02.2015,2015-02-04,20,"10,00",10000000,€,Mio.,82,VfL Wolfsburg,VfL Wolfsburg,https://tmssl.akamaized.net/images/wappen/medium/82.png?lm=1503060755,14/15,Maximilian Arnold
07.2014,2014-07-10,20,"10,00",10000000,€,Mio.,82,VfL Wolfsburg,VfL Wolfsburg,https://tmssl.akamaized.net/images/wappen/medium/82.png?lm=1503060755,14/15,Maximilian Arnold
02.2014,2014-02-12,19,"6,00",6000000,€,Mio.,82,VfL Wolfsburg,VfL Wolfsburg,https://tmssl.akamaized.net/images/wappen/medium/82.png?lm=1503060755,13/14,Maximilian Arnold
11.2013,2013-11-05,19,"3,00",3000000,€,Mio.,82,VfL Wolfsburg,VfL Wolfsburg,https://tmssl.akamaized.net/images/wappen/medium/82.png?lm=1503060755,13/14,Maximilian Arnold
08.2013,2013-08-27,19,"1,50",1500000,€,Mio.,82,VfL Wolfsburg,VfL Wolfsburg,https://tmssl.akamaized.net/images/wappen/medium/82.png?lm=1503060755,13/14,Maximilian Arnold
06.2013,2013-06-30,19,950,950000,€,Tsd.,82,VfL Wolfsburg,VfL Wolfsburg,https://tmssl.akamaized.net/images/wappen/medium/82.png?lm=1503060755,12/13,Maximilian Arnold
01.2013,2013-01-13,18,500,500000,€,Tsd.,82,VfL Wolfsburg,VfL Wolfsburg,https://tmssl.akamaized.net/images/wappen/medium/82.png?lm=1503060755,12/13,Maximilian Arnold
06.2012,2012-06-29,18,500,500000,€,Tsd.,82,VfL Wolfsburg,VfL Wolfsburg,https://tmssl.akamaized.net/images/wappen/medium/82.png?lm=1503060755,11/12,Maximilian Arnold
03.2012,2012-03-05,17,300,300000,€,Tsd.,82,VfL Wolfsburg,VfL Wolfsburg,https://tmssl.akamaized.net/images/wappen/medium/82.png?lm=1503060755,11/12,Maximilian Arnold
01.2012,2012-01-23,17,200,200000,€,Tsd.,82,VfL Wolfsburg,VfL Wolfsburg,https://tmssl.akamaized.net/images/wappen/medium/82.png?lm=1503060755,11/12,Maximilian Arnold
10.2011,2011-10-15,17,150,150000,€,Tsd.,5343,VfL Wolfsburg U19,Wolfsburg U19,https://tmssl.akamaized.net/images/wappen/medium/5343.png?lm=1616796625,11/12,Maximilian Arnold
